{"name":"t:sections.header.name","type":"header","sections":{"announcement-bar":{"type":"announcement-bar","blocks":{"announcement-bar-0":{"type":"announcement","settings":{"text":"FREE SHIPPING ON ORDERS OVER $45","link":""}}},"block_order":["announcement-bar-0"],"settings":{"color_scheme":"scheme-edaeb6de-6b56-4198-8bfb-4183c1b8eeed","show_line_separator":true,"show_social":false,"auto_rotate":false,"change_slides_speed":5,"enable_country_selector":false,"enable_language_selector":false}},"header":{"type":"header","blocks":{"block_E3JBRC":{"type":"block","settings":{"navmenu":"SHOP","title":"Featured","mega_menu_image":"shopify:\/\/shop_images\/mainimage-SQ-piggy_2000x_47659679-466c-4461-b3c6-bb2f81ab567a.webp","mega_menu_img_content":"PINEAPPLE REFRESH","subcontent":"The daily cleanser","img_url_mega":""}},"block_Xgck9K":{"type":"block","settings":{"navmenu":"SHOP","title":"Featured","mega_menu_image":"shopify:\/\/shop_images\/main-image-SQ-coral-duo_2000x_afd89878-e391-4a50-9d10-849c57642d25.webp","mega_menu_img_content":"THE DUOS","subcontent":"Limited edition pairs","img_url_mega":""}},"block_Vagk6d":{"type":"block","settings":{"navmenu":"SHOP","title":"Featured","mega_menu_image":"shopify:\/\/shop_images\/corallipcase-main-png-2000x2000_2000x_637e22f1-fddf-482a-afe0-db5ecf1ffe34.webp","mega_menu_img_content":"SUMMER LIP CASE","subcontent":"Four limited edition colors","img_url_mega":""}},"block_bhLKgK":{"type":"block","settings":{"navmenu":"SHOP","title":"Featured","mega_menu_image":"shopify:\/\/shop_images\/menu_-_guava_spritz_-_SQ_2000x_18af055a-f191-442a-b24c-5645427a16bf.webp","mega_menu_img_content":"PEPTIDE LIP TINT","subcontent":"The tinted lip layer","img_url_mega":""}},"block_tb8HBG":{"type":"block","settings":{"navmenu":"SHOP","title":"Featured","mega_menu_image":"shopify:\/\/shop_images\/Featured-4.webp","mega_menu_img_content":"THE RHODE KIT","subcontent":"Four daily skin essentials","img_url_mega":""}},"block_GYMAhD":{"type":"block","settings":{"navmenu":"SHOP","title":"Skin","mega_menu_image":"shopify:\/\/shop_images\/skin-1.webp","mega_menu_img_content":"Skin","subcontent":"Add Content","img_url_mega":""}},"block_Pfpn3w":{"type":"block","settings":{"navmenu":"SHOP","title":"Skin","mega_menu_image":"shopify:\/\/shop_images\/skin-2.webp","mega_menu_img_content":"Add Text","subcontent":"Add Content","img_url_mega":""}},"block_E3JHW3":{"type":"block","settings":{"navmenu":"SHOP","title":"Skin","mega_menu_image":"shopify:\/\/shop_images\/skin-3.webp","mega_menu_img_content":"Add Text","subcontent":"Add Content","img_url_mega":""}},"block_qMzxa4":{"type":"block","settings":{"navmenu":"SHOP","title":"Skin","mega_menu_image":"shopify:\/\/shop_images\/lip-4.webp","mega_menu_img_content":"Add Text","subcontent":"Add Content","img_url_mega":""}},"block_PKnTBW":{"type":"block","settings":{"navmenu":"SHOP","title":"Skin","mega_menu_image":"shopify:\/\/shop_images\/Featured-4.webp","mega_menu_img_content":"Add Text","subcontent":"Add Content","img_url_mega":""}},"block_8UBVHq":{"type":"block","settings":{"navmenu":"SHOP","title":"Lip","mega_menu_image":"shopify:\/\/shop_images\/lip-3.webp","mega_menu_img_content":"Add Text","subcontent":"Add Content","img_url_mega":""}},"block_49zatd":{"type":"block","settings":{"navmenu":"SHOP","title":"Lip","mega_menu_image":"shopify:\/\/shop_images\/lip-2.webp","mega_menu_img_content":"Add Text","subcontent":"Add Content","img_url_mega":""}},"block_MYcPcz":{"type":"block","settings":{"navmenu":"SHOP","title":"Lip","mega_menu_image":"shopify:\/\/shop_images\/lip-1.webp","mega_menu_img_content":"Add Text","subcontent":"Add Content","img_url_mega":""}},"block_zDbKjr":{"type":"block","settings":{"navmenu":"SHOP","title":"Lip","mega_menu_image":"shopify:\/\/shop_images\/lip-4.webp","mega_menu_img_content":"Add Text","subcontent":"Add Content","img_url_mega":""}},"block_dkjztJ":{"type":"block","settings":{"navmenu":"SHOP","title":"Sets","mega_menu_image":"shopify:\/\/shop_images\/sets-1.webp","mega_menu_img_content":"Add Text","subcontent":"Add Content","img_url_mega":""}},"block_wPGqpL":{"type":"block","settings":{"navmenu":"SHOP","title":"Sets","mega_menu_image":"shopify:\/\/shop_images\/sets-2.webp","mega_menu_img_content":"Add Text","subcontent":"Add Content","img_url_mega":""}},"block_Mn7tJP":{"type":"block","settings":{"navmenu":"SHOP","title":"Sets","mega_menu_image":"shopify:\/\/shop_images\/sets-3.webp","mega_menu_img_content":"Add Text","subcontent":"Add Content","img_url_mega":""}},"block_izhDwE":{"type":"block","settings":{"navmenu":"SHOP","title":"Sets","mega_menu_image":"shopify:\/\/shop_images\/Featured-4.webp","mega_menu_img_content":"Add Text","subcontent":"Add Content","img_url_mega":""}}},"block_order":["block_E3JBRC","block_Xgck9K","block_Vagk6d","block_bhLKgK","block_tb8HBG","block_GYMAhD","block_Pfpn3w","block_E3JHW3","block_qMzxa4","block_PKnTBW","block_8UBVHq","block_49zatd","block_MYcPcz","block_zDbKjr","block_dkjztJ","block_wPGqpL","block_Mn7tJP","block_izhDwE"],"settings":{"logo_position":"middle-center","menu":"main-menu","menu_type_desktop":"mega","sticky_header_type":"on-scroll-up","show_line_separator":true,"color_scheme":"scheme-edaeb6de-6b56-4198-8bfb-4183c1b8eeed","menu_color_scheme":"scheme-1","enable_country_selector":true,"enable_language_selector":true,"enable_customer_avatar":true,"mobile_logo_position":"center","margin_bottom":0,"padding_top":20,"padding_bottom":0}}},"order":["announcement-bar","header"]}