{"sections":{"video_J9TyHX":{"type":"video","disabled":true,"settings":{"heading":"","heading_size":"h1","enable_video_looping":false,"video_url":"https:\/\/youtu.be\/mELHhuxeYdQ?si=4FSpjLNHZjMdz4TL","description":"","full_width":false,"color_scheme":"","padding_top":0,"padding_bottom":36}},"image_banner":{"type":"image-banner","blocks":{"heading":{"type":"heading","settings":{"heading":"Browse our latest products","heading_size":"h0"}},"button":{"type":"buttons","settings":{"button_label_1":"Shop all","button_link_1":"shopify:\/\/collections\/all","button_style_secondary_1":true,"button_label_2":"","button_link_2":"","button_style_secondary_2":false}}},"block_order":["heading","button"],"settings":{"image_overlay_opacity":40,"image_height":"large","desktop_content_position":"bottom-center","show_text_box":false,"desktop_content_alignment":"center","color_scheme":"scheme-3","image_behavior":"none","mobile_content_alignment":"center","stack_images_on_mobile":false,"show_text_below":false}},"featured_collection":{"type":"featured-collection","settings":{"title":"Featured products","heading_size":"h2","description":"","show_description":false,"description_style":"body","collection":"all","products_to_show":8,"columns_desktop":3,"full_width":false,"show_view_all":true,"view_all_style":"link","enable_desktop_slider":true,"color_scheme":"scheme-1","image_ratio":"square","image_shape":"default","show_secondary_image":true,"show_vendor":false,"show_rating":false,"quick_add":"none","columns_mobile":"2","swipe_on_mobile":false,"padding_top":44,"padding_bottom":36}},"custom_featured_collection_YfEwqQ":{"type":"custom-featured-collection","settings":{"title":"Featured collection","heading_size":"h1","description":"","show_description":false,"description_style":"body","collection":"search-product-suggestion","products_to_show":21,"columns_desktop":3,"full_width":true,"swiper_slider":true,"show_view_all":false,"view_all_style":"solid","enable_desktop_slider":false,"color_scheme":"","image_ratio":"square","image_shape":"default","show_secondary_image":true,"show_vendor":false,"show_rating":false,"quick_add":"none","columns_mobile":"2","swipe_on_mobile":false,"padding_top":36,"padding_bottom":36}},"custom_video_AMxrCC":{"type":"custom-video","settings":{"heading":"Title","video":"shopify:\/\/files\/videos\/0a21c4fd389944abba22bdc22bc53517 (1).mp4"}},"custom_featured_product_JGXYVT":{"type":"custom-featured-product","blocks":{"text_HyqzN6":{"type":"text","settings":{"text":"{{ section.settings.product.vendor }}","text_style":"uppercase"}},"title_FAHYVj":{"type":"title","settings":{"heading_size":"h1"}},"price_REkCCB":{"type":"price","settings":{}},"variant_picker_zEqMXa":{"type":"variant_picker","settings":{"picker_type":"button","swatch_shape":"circle"}},"quantity_selector_q8YEAf":{"type":"quantity_selector","settings":{}},"buy_buttons_VDPBy3":{"type":"buy_buttons","settings":{"show_dynamic_checkout":true,"show_gift_card_recipient":true}},"share_qN49aQ":{"type":"share","settings":{"share_label":"Share"}}},"block_order":["text_HyqzN6","title_FAHYVj","price_REkCCB","variant_picker_zEqMXa","quantity_selector_q8YEAf","buy_buttons_VDPBy3","share_qN49aQ"],"settings":{"product":"","color_scheme":"","secondary_background":false,"media_size":"medium","constrain_to_viewport":true,"media_fit":"contain","media_position":"left","image_zoom":"lightbox","hide_variants":false,"enable_video_looping":false,"padding_top":36,"padding_bottom":36}}},"order":["video_J9TyHX","image_banner","featured_collection","custom_featured_collection_YfEwqQ","custom_video_AMxrCC","custom_featured_product_JGXYVT"]}